[{"model": "dashboard.userdashboardmodule", "pk": 1, "fields": {"title": "Application models", "module": "jet.dashboard.modules.ModelList", "app_label": "account", "user": 74, "column": 0, "order": 0, "settings": "{\"models\": [\"account.*\"], \"exclude\": null}", "children": "", "collapsed": false}}, {"model": "dashboard.userdashboardmodule", "pk": 2, "fields": {"title": "Recent Actions", "module": "jet.dashboard.modules.RecentActions", "app_label": "account", "user": 74, "column": 1, "order": 0, "settings": "{\"limit\": 10, \"include_list\": [\"account.*\"], \"exclude_list\": null, \"user\": null}", "children": "", "collapsed": false}}, {"model": "dashboard.userdashboardmodule", "pk": 3, "fields": {"title": "Application models", "module": "jet.dashboard.modules.ModelList", "app_label": "auth", "user": 74, "column": 0, "order": 0, "settings": "{\"models\": [\"auth.*\"], \"exclude\": null}", "children": "", "collapsed": false}}, {"model": "dashboard.userdashboardmodule", "pk": 4, "fields": {"title": "Recent Actions", "module": "jet.dashboard.modules.RecentActions", "app_label": "auth", "user": 74, "column": 1, "order": 0, "settings": "{\"limit\": 10, \"include_list\": [\"auth.*\"], \"exclude_list\": null, \"user\": null}", "children": "", "collapsed": false}}, {"model": "dashboard.userdashboardmodule", "pk": 5, "fields": {"title": "Application models", "module": "jet.dashboard.modules.ModelList", "app_label": "social_django", "user": 74, "column": 0, "order": 0, "settings": "{\"models\": [\"social_django.*\"], \"exclude\": null}", "children": "", "collapsed": false}}, {"model": "dashboard.userdashboardmodule", "pk": 6, "fields": {"title": "Recent Actions", "module": "jet.dashboard.modules.RecentActions", "app_label": "social_django", "user": 74, "column": 1, "order": 0, "settings": "{\"limit\": 10, \"include_list\": [\"social_django.*\"], \"exclude_list\": null, \"user\": null}", "children": "", "collapsed": false}}, {"model": "dashboard.userdashboardmodule", "pk": 7, "fields": {"title": "Application models", "module": "jet.dashboard.modules.ModelList", "app_label": "menu", "user": 74, "column": 0, "order": 0, "settings": "{\"models\": [\"menu.*\"], \"exclude\": null}", "children": "", "collapsed": false}}, {"model": "dashboard.userdashboardmodule", "pk": 8, "fields": {"title": "Recent Actions", "module": "jet.dashboard.modules.RecentActions", "app_label": "menu", "user": 74, "column": 1, "order": 0, "settings": "{\"limit\": 10, \"include_list\": [\"menu.*\"], \"exclude_list\": null, \"user\": null}", "children": "", "collapsed": false}}, {"model": "dashboard.userdashboardmodule", "pk": 9, "fields": {"title": "Application models", "module": "jet.dashboard.modules.ModelList", "app_label": "contact", "user": 74, "column": 0, "order": 0, "settings": "{\"models\": [\"contact.*\"], \"exclude\": null}", "children": "", "collapsed": false}}, {"model": "dashboard.userdashboardmodule", "pk": 10, "fields": {"title": "Recent Actions", "module": "jet.dashboard.modules.RecentActions", "app_label": "contact", "user": 74, "column": 1, "order": 0, "settings": "{\"limit\": 10, \"include_list\": [\"contact.*\"], \"exclude_list\": null, \"user\": null}", "children": "", "collapsed": false}}, {"model": "dashboard.userdashboardmodule", "pk": 11, "fields": {"title": "Quick links", "module": "jet.dashboard.modules.LinkList", "app_label": null, "user": 74, "column": 0, "order": 0, "settings": "{\"draggable\": false, \"deletable\": false, \"collapsible\": false, \"layout\": \"inline\"}", "children": "[{\"title\": \"Return to site\", \"url\": \"/\"}, {\"title\": \"Parolu d\\u0259yi\\u015f\", \"url\": \"/admin/password_change/\"}, {\"title\": \"\\u00c7\\u0131x\", \"url\": \"/admin/logout/\"}]", "collapsed": false}}, {"model": "dashboard.userdashboardmodule", "pk": 12, "fields": {"title": "Applications", "module": "jet.dashboard.modules.AppList", "app_label": null, "user": 74, "column": 1, "order": 0, "settings": "{\"models\": null, \"exclude\": [\"auth.*\"]}", "children": "", "collapsed": false}}, {"model": "dashboard.userdashboardmodule", "pk": 13, "fields": {"title": "Administrasiya", "module": "jet.dashboard.modules.AppList", "app_label": null, "user": 74, "column": 2, "order": 0, "settings": "{\"models\": [\"auth.*\"], \"exclude\": null}", "children": "", "collapsed": false}}, {"model": "dashboard.userdashboardmodule", "pk": 14, "fields": {"title": "Recent Actions", "module": "jet.dashboard.modules.RecentActions", "app_label": null, "user": 74, "column": 0, "order": 1, "settings": "{\"limit\": 10, \"include_list\": null, \"exclude_list\": null, \"user\": null}", "children": "", "collapsed": false}}, {"model": "dashboard.userdashboardmodule", "pk": 15, "fields": {"title": "Latest Django News", "module": "jet.dashboard.modules.Feed", "app_label": null, "user": 74, "column": 1, "order": 1, "settings": "{\"feed_url\": \"http://www.djangoproject.com/rss/weblog/\", \"limit\": 5}", "children": "", "collapsed": false}}, {"model": "dashboard.userdashboardmodule", "pk": 16, "fields": {"title": "Support", "module": "jet.dashboard.modules.LinkList", "app_label": null, "user": 74, "column": 2, "order": 1, "settings": "{\"draggable\": true, \"deletable\": true, \"collapsible\": true, \"layout\": \"stacked\"}", "children": "[{\"title\": \"Django documentation\", \"url\": \"http://docs.djangoproject.com/\", \"external\": true}, {\"title\": \"Django \\\"django-users\\\" mailing list\", \"url\": \"http://groups.google.com/group/django-users\", \"external\": true}, {\"title\": \"Django irc channel\", \"url\": \"irc://irc.freenode.net/django\", \"external\": true}]", "collapsed": false}}, {"model": "dashboard.userdashboardmodule", "pk": 17, "fields": {"title": "Application models", "module": "jet.dashboard.modules.ModelList", "app_label": "index", "user": 74, "column": 0, "order": 0, "settings": "{\"models\": [\"index.*\"], \"exclude\": null}", "children": "", "collapsed": false}}, {"model": "dashboard.userdashboardmodule", "pk": 18, "fields": {"title": "Recent Actions", "module": "jet.dashboard.modules.RecentActions", "app_label": "index", "user": 74, "column": 1, "order": 0, "settings": "{\"limit\": 10, \"include_list\": [\"index.*\"], \"exclude_list\": null, \"user\": null}", "children": "", "collapsed": false}}, {"model": "dashboard.userdashboardmodule", "pk": 19, "fields": {"title": "Application models", "module": "jet.dashboard.modules.ModelList", "app_label": "product", "user": 74, "column": 0, "order": 0, "settings": "{\"models\": [\"product.*\"], \"exclude\": null}", "children": "", "collapsed": false}}, {"model": "dashboard.userdashboardmodule", "pk": 20, "fields": {"title": "Recent Actions", "module": "jet.dashboard.modules.RecentActions", "app_label": "product", "user": 74, "column": 1, "order": 0, "settings": "{\"limit\": 10, \"include_list\": [\"product.*\"], \"exclude_list\": null, \"user\": null}", "children": "", "collapsed": false}}, {"model": "sessions.session", "pk": "1l248wbzped9mp7ng86ttgyl8i1dgdjh", "fields": {"session_data": ".eJxVkE8LwjAMxb9LzzrqmtnNmyB4FEGGnkr6bxuWVdZOBPG726kHdwp5ye-9kCdpvG-cWXocY5uLEDEasiFydVR0d2G0P91r1jUHcPG2o6x-WBr5eCYLIiZCjMEMotMJ4TAXJaqr6adJ8KpDJ5QfTPZTQ_bNzfafcthO6XO-xdAmuKAMUFdlJXMGhulKWWshV0ZyXGPqNS_NmlmKBfIiLQCC1KscOFQlozyZ_vI_1g5DFM43Xf934OwH5PUGvhNczQ:1krz3d:az2V_7RTVoY5vQho_3vYZfXUx3Dhr9vaiIgOU1nTIvE", "expire_date": "2021-01-06T07:59:41.033Z"}}, {"model": "sessions.session", "pk": "7h8ndy6lmvz5jx9ivg66ho31b4k6kit1", "fields": {"session_data": ".eJxVjEEOwiAURO_C2hCETwGX7j0D-fBBqgaS0q6Md5cmXehy5r2ZN_O4rcVvPS1-JnZhBtjptwwYn6nuhB5Y743HVtdlDnxX-EE7vzVKr-vh_h0U7GWstVCA5KwLUkFS5GLOGWRMweCEI5OxaVJZoEajhwAIgc4SDDirhGGfLx_LOEg:1kskT5:s9TE8X0HpBxe2g_QtTNBmMI8YyvE2-2W8RtH7DuyhBs", "expire_date": "2021-01-08T10:37:07.308Z"}}, {"model": "sessions.session", "pk": "b5srx61k5ul7ktbkld0j3tjdhwgafprf", "fields": {"session_data": ".eJxVjF0LgjAYhf_LrkPMTee6DCKQulEhuhrvvnJZzpwiFP33JnRRl-ec5zwvxGEaGz55PXCr0AZRgla_pQDZ6m5Z1BW6i4uk68bBimhBou_qo6NT-rb9sn-CBnwT3mmMCSiWM5FgorFi0hhDEqkFhQxCVjTXGTYxpEDTABAgQq0TQgnLcUyD1ECgnWu5H2HUwfnw-NzXlSx6Oxen8m4LXVf7vtodIH2Wc4feH2wUSnU:1ksVWF:CiJn91bFXPHs9F24pfjHZaDpmuOPaKrEb6tzUe-CtIk", "expire_date": "2021-01-07T18:39:23.226Z"}}, {"model": "sessions.session", "pk": "d7qug0id2436vqse5wgoto3dat0e4j2b", "fields": {"session_data": ".eJxVjDsOwjAQRO_iGln-4B8lPWew1rs2DiBbipMKcXcSKQVUI817M28WYV1qXEee40Tswpxgp98yAT5z2wk9oN07x96WeUp8V_hBB791yq_r4f4dVBh1W2cFGJTTEKT3mFMhBzJYY0WR2klDiNoL7VQKRGbLbElaKc4QfHGQ2OcLB1M33g:1krKvO:WQEvVaZpX3o_doxiOrNkrK6rtqAn-TpBYX2_5AGlOwY", "expire_date": "2021-01-04T13:08:30.787Z"}}, {"model": "sessions.session", "pk": "fjayuy0ot88s2vkcvfpr6xzaw11vqvia", "fields": {"session_data": ".eJxVkE8LwjAMxb9Lzzpm29nNm4juIngTbyXrn61YV1kqCuJ3t1MP7hTykt97IU_ShtB6Mw9wix2VGCEasiJxR082d8O6f8BQ47b1RzzecbOPl1qoqyMzIkdC3tAM0umECD4VG1Bn048TDMqBlyoMJvupmH1zs_pTDusxfcp3gF2Ci5xx0FVZNZRxw3SlrLWcKtMIWELqtSjNktkcChBFWuDAG72gXPCqZLlIpr_8j7UHjNKH1vV_B05-QF5v_WheIw:1krz5D:nQhbn8R6uGaN2bekxSTieTW611sNPzB_sTIGOU4vYZM", "expire_date": "2021-01-06T08:01:19.764Z"}}, {"model": "sessions.session", "pk": "g6a6quthlvlyd38p45eoh4ojo5iu23e0", "fields": {"session_data": ".eJxVjDsOwjAQRO_iGln-4B8lPWew1rs2DiBbipMKcXcSKQVUI817M28WYV1qXEee40Tswpxgp98yAT5z2wk9oN07x96WeUp8V_hBB791yq_r4f4dVBh1W2cFGJTTEKT3mFMhBzJYY0WR2klDiNoL7VQKRGbLbElaKc4QfHGQ2OcLB1M33g:1krLAE:Q-VuiRZbu8NHbuAq8SOcjaDkwtFnySeMvAOzmbw0SdU", "expire_date": "2021-01-04T13:23:50.895Z"}}, {"model": "sessions.session", "pk": "iy7xpgn0t5xf6opttd78m0pu0b9i7php", "fields": {"session_data": "eyJnb29nbGUtb2F1dGgyX3N0YXRlIjoiNlo1a29XVG1jczkxeEc5TzZwb0ZieUlJeXBBVHl5N2IifQ:1kryws:lskdn1KLIqjRS9D4SaSAkN50AWe648yVTTkRebUYmVs", "expire_date": "2021-01-06T07:52:42.146Z"}}, {"model": "sessions.session", "pk": "j4w18kt1mqc88dp9rvgqnt3i302fjbwv", "fields": {"session_data": "eyJnb29nbGUtb2F1dGgyX3N0YXRlIjoiS0gySDUxZzJUcDByNHRuVXZqblg1cVR1WmZ3M2V4dTMifQ:1kryxH:N1Tua1Qdsd9-cSCb3wV_MVc5t-2cdZr_d8cqX8IkOwM", "expire_date": "2021-01-06T07:53:07.655Z"}}, {"model": "sessions.session", "pk": "n3jize2d3upx1zozpjfg4pme4ajuzft9", "fields": {"session_data": ".eJxVjMsOgjAURP-layVIL5S6NDHRCGrUha7ILW2BijThsVDjv1sSFrqcmTPnTTIc-jIbOtVmlSRLwoDMfkuB-V014yINNoX1ctv0bSW8EfGmtfNSK1W9mtg_QYld6d6hTwElj7kIKCgqea61hiBXgmGELksWq4hqH0NkoQMAQchFAAx4TH3mpIW1Ra3mdnQHWddjr5zYCLxemsdWY3oMTXIzr1OyN-vdmQNsDs8b-XwB301Lfw:1krz2B:rjCg_CKK8w4VUqfN1gZcNnly6Mp0Y9UG4sKMy6fHDJs", "expire_date": "2021-01-06T07:58:11.030Z"}}, {"model": "sessions.session", "pk": "rs9mp1d09rru2aqmn4ov3699thlxs7uz", "fields": {"session_data": "eyJmYWNlYm9va19zdGF0ZSI6IlJkekdWcXg1UmZGYlRvY3lGU0ZNWU01QzBVcklicTdkIn0:1kryux:yufFMauxvWvpb5uDzJuelYvhz0uJRmjhb0aWymFYn2E", "expire_date": "2021-01-06T07:50:43.449Z"}}, {"model": "sessions.session", "pk": "tq8jtyqfapkdrxxtjkra9bdia623xz0f", "fields": {"session_data": ".eJxVjDsOwjAQRO_iGlnR2smuKek5Q-Rdb3AA2VI-VcTdSaQU0Ewx781spo_rkvt11qkfk7kaBHP5LTnKS8tB0jOWR7VSyzKNbA_FnnS295r0fTvdv4Mc57yvSbnFVgiTCwEjexDvuVNP2DXKnmAAaRiFmi4AutbtARB4EGA_kPl8AfheN2I:1krMoZ:-Tus4QSUGDS-yXYGpXcKgCGJa11f65VmhdL46dwYopw", "expire_date": "2021-01-04T15:09:35.813Z"}}, {"model": "sessions.session", "pk": "tza3md1szgf1rtx60n239pao1rtpxfrr", "fields": {"session_data": ".eJxVkMsKwjAQRf8lay3pM4m7qiCoKIKiuAnJZNIWqwETV-K_26oLuxq4w7lnmCepnKtaHDv1CHUifVAByYTsQ7nH5aFazwDCKj3N9eGs14vdql6y63RzJCMie0I-PN5lYzqE8WGoFVzw1m-8g0a1Etwdo1_qo683WnzGtuztQ75Wvu5gywQveMaBUxQmpUYYNKhNUojcAtjMqJTFBYsp0zbXghYa0jizwiaK0xy60p__U90qH2Trqub2d-DgB-T1BvyxXT0:1kryy5:iGZLnQeP5c7q1L-ipYRNu-Fyh_BFqfrnErYs5WDXpWQ", "expire_date": "2021-01-06T07:53:57.769Z"}}, {"model": "sessions.session", "pk": "yqq7dph9mzucpnibgdl6dkxpbezs9koe", "fields": {"session_data": ".eJxdjs0KwjAQhN8lZyk12TatN3tQUUFQEG9h89fWFqOmPYj47kapoN52Z3e-mTuxqIx0rhG-w86QCTnuyn1RLNOmOPer7eV2aw-Swiqjc6YW6zWQERHYd5XovbmKWgcL_xMlqsacXhfvVI2tUO5qokH10Scymg3DZhqs9JdRoa8CIIkZoM6zXFIGhulcWWuBBh_HFMOueWZSZmNMkCfhARCkHlPgkGcs5gE6dHijW_SdaF1Zn75KfvqQxxOIxlql:1ks8Fc:x4FVmdwnyXmX5v9UIGqsbu7Sm2GqDop_1lavksyhpdI", "expire_date": "2021-01-06T17:48:40.481Z"}}, {"model": "sessions.session", "pk": "zgcdfuboidy1e0ms6vufys02nnvyja10", "fields": {"session_data": ".eJxVjlELgjAUhf_LnkPc9OrsLSJfonwoqLdxN7cmmgM3IYj-exYK9XY5l_Od70kMKi2da4UPGDRZE1odqLWnSzn0jO7224aeH9j216A1vR-HjqyIwDFYMXo9iKaeKjn8hxJVq_vPxzvVYCeUG3Q0pz5aJqNyPqrNVGX_DIveToCEJYU2KjMyV7ymiWSSG4C0yGPFKXKMEajJOAeAOisAmEnrFONMydwkmE7Q2eGL7tAH0blb0_9ILj7k9QbYRlra:1krsKE:Bzcr-YWnQbQC2s1EaesJ-gaX2-uptQkVhLDi_riZYhE", "expire_date": "2021-01-06T00:48:22.552Z"}}, {"model": "account.user", "pk": 74, "fields": {"password": "pbkdf2_sha256$216000$48rg1U5uTXig$um4hDDmmRvAxQMP4TXQc+bcoR/tC30fEdBER5cAsos4=", "last_login": "2020-12-25T10:37:07.304Z", "is_superuser": true, "username": null, "email": "e.husubayli@gmail.com", "first_name": "Elvin", "last_name": "H-lee", "image": "http://graph.facebook.com/10208723746767106/picture?width=600&height=600", "phonenumber": "", "is_agreement": false, "is_notifaction_email": false, "is_notifaction_phone": false, "rewardpoints": 0, "is_staff": true, "is_active": true, "date_joined": "2020-12-22T19:39:13.653Z", "groups": [], "user_permissions": []}}, {"model": "account.user", "pk": 79, "fields": {"password": "pbkdf2_sha256$216000$YgUlKy3oWKMM$QxOSPhmGy0cXcItoDU0sSYHMOOzvY5me/0vY8wQyLB8=", "last_login": null, "is_superuser": false, "username": null, "email": "husubeyli@gmail.com", "first_name": "Husubayli", "last_name": "Elvin", "image": "", "phonenumber": "752320379", "is_agreement": false, "is_notifaction_email": true, "is_notifaction_phone": false, "rewardpoints": 0, "is_staff": false, "is_active": true, "date_joined": "2020-12-23T07:57:12.931Z", "groups": [], "user_permissions": []}}, {"model": "account.user", "pk": 80, "fields": {"password": "!7IkZgWnt2ghXRtRBatvB6KhLiZ2aprE8D8OQiaDS", "last_login": "2020-12-23T19:28:14.095Z", "is_superuser": false, "username": "husubayli", "email": "husubayli@gmail.com", "first_name": "Elvin", "last_name": "Husubeyli", "image": "https://lh3.googleusercontent.com/a-/AOh14Gglv6xyc-xDQ4-AR5tkSQNwxtvV8W_ANEiEZLqLDg=s96-c", "phonenumber": "", "is_agreement": false, "is_notifaction_email": false, "is_notifaction_phone": false, "rewardpoints": 0, "is_staff": false, "is_active": true, "date_joined": "2020-12-23T08:02:24.001Z", "groups": [], "user_permissions": []}}, {"model": "contact.contact", "pk": 3, "fields": {"full_name": "Elvin Husubeyli", "email": "husubayli@gmail.com", "phonenumber": "+12125552368", "theme_title": 4, "message": "asdas", "created_at": "2020-12-20T13:14:44.057Z", "updated_at": "2020-12-20T13:14:44.077Z"}}, {"model": "contact.contact", "pk": 8, "fields": {"full_name": "Husubayli Elvin", "email": "elgun@gmail.ru", "phonenumber": "+12125552368", "theme_title": 3, "message": "asdasd", "created_at": "2020-12-23T21:58:12.584Z", "updated_at": "2020-12-23T21:58:12.584Z"}}, {"model": "contact.contact", "pk": 11, "fields": {"full_name": "elsad@gmail.com", "email": "qulamov@gmail.ru", "phonenumber": "+12125552368", "theme_title": 1, "message": "asdad", "created_at": "2020-12-24T02:58:07.986Z", "updated_at": "2020-12-24T02:58:07.987Z"}}, {"model": "contact.contact", "pk": 12, "fields": {"full_name": "Nizami", "email": "suleymanov@gmail.com", "phonenumber": "+12125552368", "theme_title": 1, "message": "asdasdas", "created_at": "2020-12-24T08:28:50.570Z", "updated_at": "2020-12-24T08:28:50.570Z"}}, {"model": "contact.contact", "pk": 13, "fields": {"full_name": "Kenan Semenderli", "email": "semenderli@gmail.com", "phonenumber": "+12125552368", "theme_title": 1, "message": "sdasdada", "created_at": "2020-12-24T08:31:03.029Z", "updated_at": "2020-12-24T08:31:03.029Z"}}, {"model": "contact.contact", "pk": 14, "fields": {"full_name": "elvin husubayli", "email": "husubayli@gmail.com", "phonenumber": "+994505262026", "theme_title": 5, "message": "...!@!...", "created_at": "2020-12-25T18:51:09.652Z", "updated_at": "2020-12-25T18:51:09.652Z"}}, {"model": "product.producimage", "pk": 6, "fields": {"product": 3, "image": "product_images/3f2c6b4e-bf41-430e-942f-9d6336746b59_quality90_dUH0s89.jpg", "is_published": true, "created_at": "2020-12-13T21:08:32Z", "updated_at": "2020-12-13T21:08:32Z"}}, {"model": "product.producimage", "pk": 7, "fields": {"product": 3, "image": "product_images/023ee70d-b490-4cc0-b3c5-2b9af8f85a1e_quality90_BXVGblq.jpg", "is_published": true, "created_at": "2020-12-13T21:08:40.898Z", "updated_at": "2020-12-13T21:08:40.898Z"}}, {"model": "product.producimage", "pk": 8, "fields": {"product": 3, "image": "product_images/1755302d-0f7e-4b7f-8a21-161065a60bff_quality90_89PC1st.jpg", "is_published": true, "created_at": "2020-12-13T21:08:48.316Z", "updated_at": "2020-12-13T21:08:48.316Z"}}, {"model": "product.producimage", "pk": 9, "fields": {"product": 3, "image": "product_images/df270c70-0042-42ec-9664-e4506eb7b3a1_quality90_h7tx4n2.jpg", "is_published": true, "created_at": "2020-12-13T21:08:55.798Z", "updated_at": "2020-12-13T21:08:55.798Z"}}, {"model": "product.producimage", "pk": 10, "fields": {"product": 3, "image": "product_images/fe10caba-58eb-4fb4-9552-bebed519d62c_quality90_eW6R49M.jpg", "is_published": true, "created_at": "2020-12-13T21:09:04.350Z", "updated_at": "2020-12-13T21:09:04.350Z"}}, {"model": "product.producimage", "pk": 11, "fields": {"product": 2, "image": "product_images/0b0ecb40-335c-48cc-85c1-87f315d0f2cd_quality90_hDPvgNF.jpg", "is_published": true, "created_at": "2020-12-13T21:09:22.513Z", "updated_at": "2020-12-13T21:09:22.513Z"}}, {"model": "product.producimage", "pk": 12, "fields": {"product": 2, "image": "product_images/3ff54bfe-07fa-4cf6-a95a-12103fb06913_quality90_IrM8yuS.jpg", "is_published": true, "created_at": "2020-12-13T21:09:30.559Z", "updated_at": "2020-12-13T21:09:30.559Z"}}, {"model": "product.producimage", "pk": 13, "fields": {"product": 2, "image": "product_images/4a35ddc1-4d1a-4071-8d1f-ab6c549d8ad4_quality90_R0NAEOS.jpg", "is_published": true, "created_at": "2020-12-13T21:09:36.861Z", "updated_at": "2020-12-13T21:09:36.861Z"}}, {"model": "product.producimage", "pk": 14, "fields": {"product": 2, "image": "product_images/a737f65b-5046-42c3-9222-0933a43ff4b1_quality90_QraymQi.jpg", "is_published": true, "created_at": "2020-12-13T21:09:45.170Z", "updated_at": "2020-12-13T21:09:45.170Z"}}, {"model": "product.producimage", "pk": 15, "fields": {"product": 2, "image": "product_images/b5d942f4-b44f-4c68-a448-cacc506a13c4_quality90_i8gDIaH.jpg", "is_published": true, "created_at": "2020-12-13T21:09:55.841Z", "updated_at": "2020-12-13T21:09:55.841Z"}}, {"model": "product.producimage", "pk": 16, "fields": {"product": 4, "image": "product_images/4dd185f7-b185-40c5-b6ba-e8e2ad52be10_quality90.jpg", "is_published": true, "created_at": "2020-12-16T19:34:13.254Z", "updated_at": "2020-12-16T19:34:13.254Z"}}, {"model": "product.producimage", "pk": 17, "fields": {"product": 4, "image": "product_images/4fa9b1ae-c770-4338-8f32-ed1e6f72ced0_quality90.jpg", "is_published": true, "created_at": "2020-12-16T19:34:39.012Z", "updated_at": "2020-12-16T19:34:39.012Z"}}, {"model": "product.producimage", "pk": 18, "fields": {"product": 4, "image": "product_images/b347a9fb-6d18-42f0-bade-e0b8c843c8a5_quality90.jpg", "is_published": true, "created_at": "2020-12-16T19:34:47.832Z", "updated_at": "2020-12-16T19:34:47.832Z"}}, {"model": "product.producimage", "pk": 19, "fields": {"product": 4, "image": "product_images/ccc465b9-55de-4a0f-8591-d93e127772f0_quality90.jpg", "is_published": true, "created_at": "2020-12-16T19:34:54.824Z", "updated_at": "2020-12-16T19:34:54.824Z"}}, {"model": "product.producimage", "pk": 20, "fields": {"product": 4, "image": "product_images/e7f92187-1529-4cca-8538-8a9d41ffe189_size625x921_cropCenter.jpg", "is_published": true, "created_at": "2020-12-16T19:35:02.281Z", "updated_at": "2020-12-16T19:35:02.282Z"}}, {"model": "product.producimage", "pk": 21, "fields": {"product": 5, "image": "product_images/23762635-e38a-45d2-83e9-c672b0e8b856_quality90.jpg", "is_published": true, "created_at": "2020-12-18T22:03:58.068Z", "updated_at": "2020-12-18T22:03:58.068Z"}}, {"model": "product.productdetail", "pk": 7, "fields": {"product": 2, "title": "quality", "content": "%100 Polyester", "is_published": true, "created_at": "2020-12-13T21:03:30.347Z", "updated_at": "2020-12-13T21:03:30.347Z"}}, {"model": "product.productdetail", "pk": 8, "fields": {"product": 2, "title": "color", "content": "Bordo", "is_published": true, "created_at": "2020-12-13T21:03:52.310Z", "updated_at": "2020-12-13T21:03:52.310Z"}}, {"model": "product.productdetail", "pk": 9, "fields": {"product": 2, "title": "model", "content": "Slim Fit", "is_published": true, "created_at": "2020-12-13T21:04:10.179Z", "updated_at": "2020-12-13T21:04:10.179Z"}}, {"model": "product.productdetail", "pk": 10, "fields": {"product": 2, "title": "season", "content": "2020 KIŞ", "is_published": true, "created_at": "2020-12-13T21:04:29.687Z", "updated_at": "2020-12-13T21:04:29.687Z"}}, {"model": "product.productdetail", "pk": 11, "fields": {"product": 2, "title": "comfort", "content": "DAILY/CASUAL", "is_published": true, "created_at": "2020-12-13T21:04:44.835Z", "updated_at": "2020-12-13T21:04:44.835Z"}}, {"model": "product.productdetail", "pk": 12, "fields": {"product": 3, "title": "quality", "content": "%100 Polyester", "is_published": true, "created_at": "2020-12-13T21:14:00.301Z", "updated_at": "2020-12-13T21:14:00.301Z"}}, {"model": "product.productdetail", "pk": 13, "fields": {"product": 3, "title": "color", "content": "Bordo", "is_published": true, "created_at": "2020-12-13T21:14:14.726Z", "updated_at": "2020-12-13T21:14:14.726Z"}}, {"model": "product.productdetail", "pk": 14, "fields": {"product": 3, "title": "model", "content": "Slim Fit", "is_published": true, "created_at": "2020-12-13T21:14:32.519Z", "updated_at": "2020-12-13T21:14:32.519Z"}}, {"model": "product.productdetail", "pk": 15, "fields": {"product": 3, "title": "season", "content": "2020 KIŞ", "is_published": true, "created_at": "2020-12-13T21:14:45.378Z", "updated_at": "2020-12-13T21:14:45.378Z"}}, {"model": "product.productdetail", "pk": 16, "fields": {"product": 3, "title": "comfort", "content": "DAILY/CASUAL", "is_published": true, "created_at": "2020-12-13T21:15:00.271Z", "updated_at": "2020-12-13T21:15:00.271Z"}}, {"model": "product.productdetail", "pk": 17, "fields": {"product": 4, "title": "quality", "content": "%30 YÜN %70 AKRİLİK", "is_published": true, "created_at": "2020-12-16T19:35:58.855Z", "updated_at": "2020-12-16T19:35:58.855Z"}}, {"model": "product.productdetail", "pk": 18, "fields": {"product": 4, "title": "color", "content": "Antrasit", "is_published": true, "created_at": "2020-12-16T19:36:12.737Z", "updated_at": "2020-12-16T19:36:12.737Z"}}, {"model": "product.productdetail", "pk": 19, "fields": {"product": 4, "title": "season", "content": "2020 KIŞ", "is_published": true, "created_at": "2020-12-16T19:36:24.729Z", "updated_at": "2020-12-16T19:36:24.729Z"}}, {"model": "product.productdetail", "pk": 20, "fields": {"product": 4, "title": "model", "content": "Formal", "is_published": true, "created_at": "2020-12-16T19:36:38.886Z", "updated_at": "2020-12-16T19:36:38.886Z"}}, {"model": "product.productdetail", "pk": 21, "fields": {"product": 4, "title": "pattern", "content": "Hakim Yaka", "is_published": true, "created_at": "2020-12-16T19:36:59.109Z", "updated_at": "2020-12-16T19:36:59.109Z"}}, {"model": "product.productdetail", "pk": 22, "fields": {"product": 5, "title": "quality", "content": "%100 Polyester", "is_published": true, "created_at": "2020-12-18T21:58:59.724Z", "updated_at": "2020-12-18T21:59:20.235Z"}}, {"model": "product.productdetail", "pk": 23, "fields": {"product": 5, "title": "color", "content": "Standart", "is_published": true, "created_at": "2020-12-18T21:59:54.387Z", "updated_at": "2020-12-18T21:59:54.387Z"}}, {"model": "product.productdetail", "pk": 24, "fields": {"product": 5, "title": "season", "content": "2020 YAZ", "is_published": true, "created_at": "2020-12-18T22:00:13.770Z", "updated_at": "2020-12-18T22:00:13.770Z"}}, {"model": "product.productdetail", "pk": 25, "fields": {"product": 5, "title": "model", "content": "FORMAL", "is_published": true, "created_at": "2020-12-18T22:01:35.023Z", "updated_at": "2020-12-18T22:01:35.023Z"}}, {"model": "product.allsize", "pk": 1, "fields": {"size": "S"}}, {"model": "product.allsize", "pk": 2, "fields": {"size": "M"}}, {"model": "product.allsize", "pk": 3, "fields": {"size": "L"}}, {"model": "product.allsize", "pk": 4, "fields": {"size": "XL"}}, {"model": "product.allsize", "pk": 5, "fields": {"size": "XXL"}}, {"model": "product.allsize", "pk": 6, "fields": {"size": "46"}}, {"model": "product.allsize", "pk": 7, "fields": {"size": "48"}}, {"model": "product.allsize", "pk": 8, "fields": {"size": "50"}}, {"model": "product.allsize", "pk": 9, "fields": {"size": "52"}}, {"model": "product.allsize", "pk": 10, "fields": {"size": "54"}}, {"model": "product.allsize", "pk": 11, "fields": {"size": "56"}}, {"model": "product.size", "pk": 2, "fields": {"stock": 5, "all_size": 2, "product": 2, "created_at": "2020-12-13T21:02:07.220Z", "updated_at": "2020-12-13T21:02:12.654Z"}}, {"model": "product.size", "pk": 3, "fields": {"stock": 5, "all_size": 1, "product": 2, "created_at": "2020-12-13T21:02:21.050Z", "updated_at": "2020-12-13T21:02:21.050Z"}}, {"model": "product.size", "pk": 4, "fields": {"stock": 5, "all_size": 3, "product": 2, "created_at": "2020-12-13T21:02:27.044Z", "updated_at": "2020-12-13T21:02:27.044Z"}}, {"model": "product.size", "pk": 5, "fields": {"stock": 5, "all_size": 4, "product": 2, "created_at": "2020-12-13T21:02:33.237Z", "updated_at": "2020-12-13T21:02:33.237Z"}}, {"model": "product.size", "pk": 6, "fields": {"stock": 5, "all_size": 5, "product": 2, "created_at": "2020-12-13T21:02:40.813Z", "updated_at": "2020-12-13T21:02:40.813Z"}}, {"model": "product.size", "pk": 7, "fields": {"stock": 4, "all_size": 1, "product": 3, "created_at": "2020-12-13T21:15:20.085Z", "updated_at": "2020-12-13T21:15:20.085Z"}}, {"model": "product.size", "pk": 8, "fields": {"stock": 0, "all_size": 2, "product": 3, "created_at": "2020-12-13T21:15:26.536Z", "updated_at": "2020-12-13T21:34:55.358Z"}}, {"model": "product.size", "pk": 9, "fields": {"stock": 3, "all_size": 3, "product": 3, "created_at": "2020-12-13T21:15:33.570Z", "updated_at": "2020-12-13T21:15:33.570Z"}}, {"model": "product.size", "pk": 10, "fields": {"stock": 4, "all_size": 4, "product": 3, "created_at": "2020-12-13T21:15:40.511Z", "updated_at": "2020-12-13T21:15:40.511Z"}}, {"model": "product.size", "pk": 11, "fields": {"stock": 0, "all_size": 5, "product": 3, "created_at": "2020-12-13T21:18:03.267Z", "updated_at": "2020-12-16T23:59:49.659Z"}}, {"model": "product.size", "pk": 12, "fields": {"stock": 3, "all_size": 6, "product": 4, "created_at": "2020-12-16T19:29:59.022Z", "updated_at": "2020-12-16T19:29:59.022Z"}}, {"model": "product.size", "pk": 13, "fields": {"stock": 4, "all_size": 7, "product": 4, "created_at": "2020-12-16T19:30:15.172Z", "updated_at": "2020-12-16T19:30:15.172Z"}}, {"model": "product.size", "pk": 14, "fields": {"stock": 0, "all_size": 8, "product": 4, "created_at": "2020-12-16T19:30:25.859Z", "updated_at": "2020-12-16T19:30:25.859Z"}}, {"model": "product.size", "pk": 15, "fields": {"stock": 3, "all_size": 9, "product": 4, "created_at": "2020-12-16T19:30:33.869Z", "updated_at": "2020-12-16T19:30:33.869Z"}}, {"model": "product.size", "pk": 16, "fields": {"stock": 3, "all_size": 10, "product": 4, "created_at": "2020-12-16T19:30:44.119Z", "updated_at": "2020-12-16T19:30:44.119Z"}}, {"model": "product.size", "pk": 18, "fields": {"stock": 2, "all_size": 2, "product": 4, "created_at": "2020-12-16T19:31:13.435Z", "updated_at": "2020-12-17T13:00:03.334Z"}}, {"model": "product.product", "pk": 2, "fields": {"title": "Ds Damat Slim Fit Haki Mont", "price": "899.00", "sales_count": null, "product_pattern": null, "color": "Haki", "product_code": "5HC07013ORT01H01L", "has_size": true, "disc_type": "faiz", "disc_value": 63, "slug": "ds-damat-slim-fit-haki-mont-8682060911435", "is_published": true, "created_at": "2020-12-13T20:59:13.886Z", "updated_at": "2020-12-20T20:20:19.872Z", "category": [25, 49], "rel_product": [2, 3]}}, {"model": "product.product", "pk": 3, "fields": {"title": "Ds Damat Slim Fit Bordo Mont", "price": "899.00", "sales_count": null, "product_pattern": null, "color": "Bordo", "product_code": "5HC07013ORT01B01L", "has_size": true, "disc_type": "faiz", "disc_value": 63, "slug": "ds-damat-slim-fit-haki-mont-8682060912435", "is_published": true, "created_at": "2020-12-13T21:06:46.885Z", "updated_at": "2020-12-20T20:20:24.718Z", "category": [25, 49], "rel_product": [2, 3]}}, {"model": "product.product", "pk": 4, "fields": {"title": "Ds Damat Antrasit Kaban", "price": "999.00", "sales_count": 3, "product_pattern": null, "color": "Antrasit", "product_code": "5HF08ORT10002A0148", "has_size": true, "disc_type": "faiz", "disc_value": 67, "slug": "ds-damat-siyah-kaban-8682445192407", "is_published": true, "created_at": "2020-12-16T19:29:34.957Z", "updated_at": "2020-12-20T20:20:29.411Z", "category": [25, 49], "rel_product": [4]}}, {"model": "product.product", "pk": 5, "fields": {"title": "Ds Damat Standart Atkı", "price": "169.00", "sales_count": 3, "product_pattern": null, "color": "Standart", "product_code": "4HF521627171DSTDSTD", "has_size": false, "disc_type": null, "disc_value": null, "slug": "ds-damat-standart-atki-8682060239181", "is_published": true, "created_at": "2020-12-18T21:57:29.964Z", "updated_at": "2020-12-20T20:19:46.198Z", "category": [26, 66], "rel_product": [5]}}, {"model": "index.saleadvantage", "pk": 6, "fields": {"title": "100TL Üzeri Kargo Bedava", "icon": "icon-kargo-01", "is_published": true, "created_at": "2020-12-17T12:10:11.501Z", "updated_at": "2020-12-17T12:10:11.501Z"}}, {"model": "index.saleadvantage", "pk": 7, "fields": {"title": "Kolay İade", "icon": "icon-kolay-iade1", "is_published": true, "created_at": "2020-12-17T12:10:30.383Z", "updated_at": "2020-12-17T12:10:30.383Z"}}, {"model": "index.saleadvantage", "pk": 8, "fields": {"title": "Güvenli Alışveri", "icon": "icon-guvenli-alisveris", "is_published": true, "created_at": "2020-12-17T12:10:59.358Z", "updated_at": "2020-12-17T12:10:59.358Z"}}, {"model": "index.saleadvantage", "pk": 9, "fields": {"title": "12 Taksit Seçeneği", "icon": "icon-taksit", "is_published": true, "created_at": "2020-12-17T12:11:23.189Z", "updated_at": "2020-12-17T12:11:23.189Z"}}, {"model": "index.saleadvantage", "pk": 10, "fields": {"title": "Steril Paket", "icon": "icon-steril-paket1", "is_published": true, "created_at": "2020-12-17T12:11:44.983Z", "updated_at": "2020-12-17T12:11:44.983Z"}}, {"model": "index.compaign", "pk": 4, "fields": {"category": 49, "position": "slider", "image": "compaigns_images/mq-large.jpg", "sm_image": "compaigns_images/pq-s.jpg", "url": null, "order": 1, "is_published": true, "created_at": "2020-12-22T15:25:24.357Z", "updated_at": "2020-12-24T18:59:35.685Z"}}, {"model": "index.compaign", "pk": 5, "fields": {"category": 27, "position": "slider", "image": "compaigns_images/lg.jpg", "sm_image": "compaigns_images/sm.jpg", "url": null, "order": 2, "is_published": true, "created_at": "2020-12-22T15:26:26.296Z", "updated_at": "2020-12-24T19:01:08.656Z"}}, {"model": "index.compaign", "pk": 6, "fields": {"category": 50, "position": "second_section", "image": "compaigns_images/lg_LH5iRIS.jpg", "sm_image": "compaigns_images/sm_RwYbPWr.jpg", "url": null, "order": 1, "is_published": true, "created_at": "2020-12-24T19:16:08.510Z", "updated_at": "2020-12-24T19:16:08.510Z"}}, {"model": "index.compaign", "pk": 9, "fields": {"category": null, "position": "second_section", "image": "compaigns_images/lg_KSyd8T7.jpg", "sm_image": "compaigns_images/sm_lvg1iT9.jpg", "url": "http://localhost:8000/2021-yeni-yil-hediyesi/", "order": 2, "is_published": true, "created_at": "2020-12-24T19:26:22.810Z", "updated_at": "2020-12-24T19:31:07.231Z"}}, {"model": "index.compaign", "pk": 10, "fields": {"category": 48, "position": "second_section", "image": "compaigns_images/lg_HuMN2qX.jpg", "sm_image": "compaigns_images/sm_uWcIDbC.jpg", "url": null, "order": 3, "is_published": true, "created_at": "2020-12-24T20:01:44.503Z", "updated_at": "2020-12-24T20:01:44.503Z"}}, {"model": "index.compaign", "pk": 11, "fields": {"category": 48, "position": "third_section", "image": "compaigns_images/gomlek.gif", "sm_image": "", "url": null, "order": 1, "is_published": true, "created_at": "2020-12-24T20:38:45.622Z", "updated_at": "2020-12-24T20:38:45.622Z"}}, {"model": "index.compaign", "pk": 12, "fields": {"category": 49, "position": "third_section", "image": "compaigns_images/mont.jpe", "sm_image": "", "url": null, "order": 2, "is_published": true, "created_at": "2020-12-24T20:40:10.879Z", "updated_at": "2020-12-24T20:40:10.879Z"}}, {"model": "index.compaign", "pk": 13, "fields": {"category": 53, "position": "third_section", "image": "compaigns_images/ceket.gif", "sm_image": "", "url": null, "order": 3, "is_published": true, "created_at": "2020-12-24T20:40:42.817Z", "updated_at": "2020-12-24T20:40:42.817Z"}}, {"model": "index.compaign", "pk": 14, "fields": {"category": 50, "position": "third_section", "image": "compaigns_images/triko.gif", "sm_image": "", "url": null, "order": 4, "is_published": true, "created_at": "2020-12-24T20:40:59.898Z", "updated_at": "2020-12-24T20:40:59.898Z"}}, {"model": "index.compaign", "pk": 15, "fields": {"category": 51, "position": "baner", "image": "compaigns_images/md.jpg", "sm_image": "compaigns_images/lg_C8odpe1.jpg", "url": null, "order": 1, "is_published": true, "created_at": "2020-12-24T20:47:47.495Z", "updated_at": "2020-12-24T20:47:47.495Z"}}, {"model": "index.compaign", "pk": 16, "fields": {"category": 65, "position": "fourth", "image": "compaigns_images/03970302-9d24-4afe-b073-25fe972a9917.jpg", "sm_image": "", "url": null, "order": 1, "is_published": true, "created_at": "2020-12-24T20:51:07.452Z", "updated_at": "2020-12-24T20:51:07.452Z"}}, {"model": "index.compaign", "pk": 17, "fields": {"category": 54, "position": "fourth", "image": "compaigns_images/465ee85b-86c7-4abb-a460-9469c6533fcb.jpg", "sm_image": "", "url": null, "order": 2, "is_published": true, "created_at": "2020-12-24T20:57:34.294Z", "updated_at": "2020-12-24T20:57:34.294Z"}}, {"model": "menu.menu", "pk": 25, "fields": {"parent_category": null, "title": "Giyim", "image": "category_images/2ec5483d-da32-4ec7-9457-35904bb04858_cLOp5RD.jpg", "slug": "erkek-giyim-modelleri", "is_products": true, "is_head": true, "is_new_season": false, "is_published": true, "show_up": false, "created_at": "2020-12-13T19:09:35.018Z", "updated_at": "2020-12-25T12:01:22.122Z", "choices_category": [48, 27, 50, 51, 25, 53, 55, 52, 54]}}, {"model": "menu.menu", "pk": 26, "fields": {"parent_category": null, "title": "AKSESUAR", "image": "category_images/11005d9a-aa13-4e8f-a73a-a7b853dc9a28.jpg", "slug": "erkek-aksesuar-modelleri", "is_products": true, "is_head": true, "is_new_season": false, "is_published": true, "show_up": false, "created_at": "2020-12-13T19:09:55.832Z", "updated_at": "2020-12-13T20:43:53.692Z", "choices_category": []}}, {"model": "menu.menu", "pk": 27, "fields": {"parent_category": null, "title": "AYAKKABI", "image": "", "slug": "erkek-ayakkabi-modelleri", "is_products": false, "is_head": true, "is_new_season": false, "is_published": true, "show_up": false, "created_at": "2020-12-13T19:10:34.002Z", "updated_at": "2020-12-25T11:54:40.037Z", "choices_category": [27, 25]}}, {"model": "menu.menu", "pk": 28, "fields": {"parent_category": null, "title": "OUTLET", "image": "", "slug": "outlet", "is_products": false, "is_head": true, "is_new_season": false, "is_published": true, "show_up": false, "created_at": "2020-12-13T19:10:52.342Z", "updated_at": "2020-12-25T12:13:35.148Z", "choices_category": [25]}}, {"model": "menu.menu", "pk": 29, "fields": {"parent_category": null, "title": "D'S MAG", "image": "", "slug": null, "is_products": false, "is_head": true, "is_new_season": false, "is_published": true, "show_up": false, "created_at": "2020-12-13T19:11:15.980Z", "updated_at": "2020-12-13T19:47:19.447Z", "choices_category": []}}, {"model": "menu.menu", "pk": 30, "fields": {"parent_category": null, "title": "YENİ YIL", "image": "", "slug": null, "is_products": false, "is_head": true, "is_new_season": false, "is_published": true, "show_up": false, "created_at": "2020-12-13T19:11:25.148Z", "updated_at": "2020-12-13T19:47:26.137Z", "choices_category": []}}, {"model": "menu.menu", "pk": 47, "fields": {"parent_category": 25, "title": "Yeni Sezon", "image": "", "slug": "yeni-sezon", "is_products": false, "is_head": false, "is_new_season": true, "is_published": true, "show_up": false, "created_at": "2020-12-13T19:18:26.815Z", "updated_at": "2020-12-25T10:38:04.347Z", "choices_category": [25]}}, {"model": "menu.menu", "pk": 48, "fields": {"parent_category": 25, "title": "Gömlek", "image": "", "slug": "erkek-gomlek-modelleri", "is_products": false, "is_head": false, "is_new_season": false, "is_published": true, "show_up": true, "created_at": "2020-12-13T19:18:55.906Z", "updated_at": "2020-12-25T12:07:55.648Z", "choices_category": [48, 50, 51, 53, 55, 52, 54]}}, {"model": "menu.menu", "pk": 49, "fields": {"parent_category": 25, "title": "Mont & Kaban", "image": "", "slug": "erkek-mont-kaban-modelleri", "is_products": false, "is_head": false, "is_new_season": false, "is_published": true, "show_up": false, "created_at": "2020-12-13T19:19:41.420Z", "updated_at": "2020-12-25T12:09:23.139Z", "choices_category": [48, 49, 50, 51, 53, 55, 52, 54]}}, {"model": "menu.menu", "pk": 50, "fields": {"parent_category": 25, "title": "Triko & Kazak", "image": "", "slug": "erkek-triko-modelleri", "is_products": false, "is_head": false, "is_new_season": false, "is_published": true, "show_up": true, "created_at": "2020-12-13T19:19:58.235Z", "updated_at": "2020-12-25T12:10:16.859Z", "choices_category": [48, 50, 51, 53, 55, 52, 54]}}, {"model": "menu.menu", "pk": 51, "fields": {"parent_category": 25, "title": "Takım Elbise", "image": "", "slug": "erkek-takim-elbise-modelleri", "is_products": false, "is_head": false, "is_new_season": false, "is_published": true, "show_up": false, "created_at": "2020-12-13T19:20:12.984Z", "updated_at": "2020-12-25T12:10:49.422Z", "choices_category": [48, 49, 50, 51, 53, 55, 52, 54]}}, {"model": "menu.menu", "pk": 52, "fields": {"parent_category": 25, "title": "Yelekli Takım Elbise", "image": "", "slug": "erkek-yelekli-takim-elbise-modelleri", "is_products": false, "is_head": false, "is_new_season": false, "is_published": true, "show_up": true, "created_at": "2020-12-13T19:20:28.537Z", "updated_at": "2020-12-25T12:11:19.809Z", "choices_category": [48, 50, 51, 53, 55, 52, 54]}}, {"model": "menu.menu", "pk": 53, "fields": {"parent_category": 25, "title": "Ceket", "image": "", "slug": "erkek-ceket-modelleri", "is_products": false, "is_head": false, "is_new_season": false, "is_published": true, "show_up": false, "created_at": "2020-12-13T19:20:42.059Z", "updated_at": "2020-12-25T12:04:43.138Z", "choices_category": [48, 50, 51, 53, 55, 52, 54]}}, {"model": "menu.menu", "pk": 54, "fields": {"parent_category": 25, "title": "T-Shirt", "image": "", "slug": "erkek-t-shirt-modelleri", "is_products": false, "is_head": false, "is_new_season": false, "is_published": true, "show_up": false, "created_at": "2020-12-13T19:21:28.392Z", "updated_at": "2020-12-25T12:11:46.299Z", "choices_category": [48, 50, 51, 53, 55, 52, 54]}}, {"model": "menu.menu", "pk": 55, "fields": {"parent_category": 25, "title": "Pantolon", "image": "", "slug": "erkek-pantolon-modelleri", "is_products": false, "is_head": false, "is_new_season": false, "is_published": true, "show_up": false, "created_at": "2020-12-13T19:21:43.113Z", "updated_at": "2020-12-25T12:05:56.931Z", "choices_category": [48, 50, 51, 53, 55, 52, 54]}}, {"model": "menu.menu", "pk": 56, "fields": {"parent_category": 25, "title": "Sweatshirt", "image": "", "slug": "erkek-sweatshirt-modelleri", "is_products": false, "is_head": false, "is_new_season": false, "is_published": true, "show_up": false, "created_at": "2020-12-13T19:21:53.948Z", "updated_at": "2020-12-25T12:11:59.076Z", "choices_category": [25, 27]}}, {"model": "menu.menu", "pk": 57, "fields": {"parent_category": 25, "title": "Smokin", "image": "", "slug": "erkek-smokin-modelleri", "is_products": false, "is_head": false, "is_new_season": false, "is_published": true, "show_up": false, "created_at": "2020-12-13T19:22:06.525Z", "updated_at": "2020-12-25T12:06:20.489Z", "choices_category": [27, 25]}}, {"model": "menu.menu", "pk": 58, "fields": {"parent_category": 25, "title": "Yelek", "image": "", "slug": "erkek-yelek-modelleri", "is_products": false, "is_head": false, "is_new_season": false, "is_published": true, "show_up": false, "created_at": "2020-12-13T19:22:21.456Z", "updated_at": "2020-12-25T12:12:21.975Z", "choices_category": [25, 27]}}, {"model": "menu.menu", "pk": 59, "fields": {"parent_category": 25, "title": "İç Giyim", "image": "", "slug": "erkek-ic-giyim-modelleri", "is_products": false, "is_head": false, "is_new_season": false, "is_published": true, "show_up": false, "created_at": "2020-12-13T19:22:46.819Z", "updated_at": "2020-12-25T12:06:45.594Z", "choices_category": [27, 25]}}, {"model": "menu.menu", "pk": 60, "fields": {"parent_category": 25, "title": "Şort & Mayo", "image": "", "slug": "erkek-sort-mayo-modelleri", "is_products": false, "is_head": false, "is_new_season": false, "is_published": true, "show_up": false, "created_at": "2020-12-13T19:23:06.489Z", "updated_at": "2020-12-25T12:12:36.104Z", "choices_category": [25, 27]}}, {"model": "menu.menu", "pk": 61, "fields": {"parent_category": 25, "title": "Büyük Beden", "image": "", "slug": "erkek-buyuk-beden-modelleri", "is_products": false, "is_head": false, "is_new_season": false, "is_published": true, "show_up": false, "created_at": "2020-12-13T19:23:19.061Z", "updated_at": "2020-12-25T12:07:06.660Z", "choices_category": [27, 25]}}, {"model": "menu.menu", "pk": 62, "fields": {"parent_category": 25, "title": "Eşofman Alt", "image": "", "slug": "erkek-esofman-alt-modelleri", "is_products": false, "is_head": false, "is_new_season": false, "is_published": true, "show_up": false, "created_at": "2020-12-13T19:23:33.053Z", "updated_at": "2020-12-25T12:12:54.871Z", "choices_category": [25, 27]}}, {"model": "menu.menu", "pk": 63, "fields": {"parent_category": 26, "title": "Kravat", "image": "", "slug": "erkek-kravat-modelleri", "is_products": false, "is_head": false, "is_new_season": false, "is_published": true, "show_up": false, "created_at": "2020-12-13T19:27:25.515Z", "updated_at": "2020-12-25T11:50:55.282Z", "choices_category": [27, 25]}}, {"model": "menu.menu", "pk": 64, "fields": {"parent_category": 26, "title": "Kemer", "image": "", "slug": "erkek-kemer-modelleri", "is_products": false, "is_head": false, "is_new_season": false, "is_published": true, "show_up": false, "created_at": "2020-12-13T19:27:44.601Z", "updated_at": "2020-12-25T11:51:28.750Z", "choices_category": [27, 25]}}, {"model": "menu.menu", "pk": 65, "fields": {"parent_category": 26, "title": "Parfüm", "image": "", "slug": "erkek-parfum-modelleri", "is_products": false, "is_head": false, "is_new_season": false, "is_published": true, "show_up": false, "created_at": "2020-12-13T19:28:19.286Z", "updated_at": "2020-12-25T11:51:34.819Z", "choices_category": [27, 25]}}, {"model": "menu.menu", "pk": 66, "fields": {"parent_category": 26, "title": "Kuşak&Papyon&Mendil", "image": "", "slug": "erkek-kusak-papyon-mendil-modelleri", "is_products": false, "is_head": false, "is_new_season": false, "is_published": true, "show_up": false, "created_at": "2020-12-13T19:29:45.383Z", "updated_at": "2020-12-25T11:51:41.331Z", "choices_category": [27, 25]}}, {"model": "menu.menu", "pk": 67, "fields": {"parent_category": 26, "title": "Cüzdan", "image": "", "slug": "erkek-cuzdan-modelleri", "is_products": false, "is_head": false, "is_new_season": false, "is_published": true, "show_up": false, "created_at": "2020-12-13T19:30:08.802Z", "updated_at": "2020-12-25T11:51:47.743Z", "choices_category": [27, 25]}}, {"model": "menu.menu", "pk": 68, "fields": {"parent_category": 26, "title": "Kol Düğmesi", "image": "", "slug": "erkek-kol-dugmesi-modelleri", "is_products": false, "is_head": false, "is_new_season": false, "is_published": true, "show_up": false, "created_at": "2020-12-13T19:30:31.561Z", "updated_at": "2020-12-25T11:51:53.491Z", "choices_category": [27, 25]}}, {"model": "menu.menu", "pk": 69, "fields": {"parent_category": 26, "title": "Bileklik", "image": "", "slug": "erkek-bileklik-modelleri", "is_products": false, "is_head": false, "is_new_season": false, "is_published": true, "show_up": false, "created_at": "2020-12-13T19:30:49.576Z", "updated_at": "2020-12-25T11:52:01.110Z", "choices_category": [27, 25]}}, {"model": "menu.menu", "pk": 70, "fields": {"parent_category": 26, "title": "Saat", "image": "", "slug": "erkek-saat-modelleri", "is_products": false, "is_head": false, "is_new_season": false, "is_published": true, "show_up": false, "created_at": "2020-12-13T19:31:08.909Z", "updated_at": "2020-12-25T11:52:09.762Z", "choices_category": [27, 25]}}, {"model": "menu.menu", "pk": 71, "fields": {"parent_category": 26, "title": "Valiz", "image": "", "slug": "erkek-valiz-modelleri", "is_products": false, "is_head": false, "is_new_season": false, "is_published": true, "show_up": false, "created_at": "2020-12-13T19:31:19.338Z", "updated_at": "2020-12-25T11:52:18.966Z", "choices_category": [27, 25]}}, {"model": "menu.menu", "pk": 72, "fields": {"parent_category": 26, "title": "Çorap", "image": "", "slug": "erkek-corap-modelleri", "is_products": false, "is_head": false, "is_new_season": false, "is_published": true, "show_up": false, "created_at": "2020-12-13T19:31:47.542Z", "updated_at": "2020-12-25T11:52:23.985Z", "choices_category": [27, 25]}}, {"model": "menu.menu", "pk": 73, "fields": {"parent_category": 26, "title": "Çanta", "image": "", "slug": "erkek-canta-modelleri", "is_products": false, "is_head": false, "is_new_season": false, "is_published": true, "show_up": false, "created_at": "2020-12-13T19:32:08.629Z", "updated_at": "2020-12-25T11:52:28.559Z", "choices_category": [27, 25]}}, {"model": "menu.menu", "pk": 74, "fields": {"parent_category": 26, "title": "Kravat İğnesi", "image": "", "slug": "erkek-kravat-ignesi-modelleri", "is_products": false, "is_head": false, "is_new_season": false, "is_published": true, "show_up": false, "created_at": "2020-12-13T19:32:38.006Z", "updated_at": "2020-12-25T11:52:34.755Z", "choices_category": [27, 25]}}, {"model": "menu.menu", "pk": 75, "fields": {"parent_category": 26, "title": "Şal", "image": "", "slug": "erkek-sal-modelleri", "is_products": false, "is_head": false, "is_new_season": false, "is_published": true, "show_up": false, "created_at": "2020-12-13T19:32:56.827Z", "updated_at": "2020-12-25T11:52:43.377Z", "choices_category": [27, 25]}}, {"model": "menu.menu", "pk": 76, "fields": {"parent_category": 26, "title": "Kaşkol & Eldiven&Sapka", "image": "", "slug": "erkek-kaskol-eldiven-sapka-modelleri", "is_products": false, "is_head": false, "is_new_season": false, "is_published": true, "show_up": false, "created_at": "2020-12-13T19:33:31.179Z", "updated_at": "2020-12-25T11:52:49.199Z", "choices_category": [27, 25]}}, {"model": "menu.menu", "pk": 77, "fields": {"parent_category": 26, "title": "Hediye Setleri", "image": "", "slug": "erkek-hediye-setleri-modelleri", "is_products": false, "is_head": false, "is_new_season": false, "is_published": true, "show_up": false, "created_at": "2020-12-13T19:33:55.006Z", "updated_at": "2020-12-25T11:52:58.292Z", "choices_category": [27, 25]}}, {"model": "menu.menu", "pk": 78, "fields": {"parent_category": 29, "title": "Katalog", "image": "", "slug": "yeni-sezon-katalog", "is_products": false, "is_head": false, "is_new_season": false, "is_published": true, "show_up": false, "created_at": "2020-12-13T19:35:48.761Z", "updated_at": "2020-12-13T19:35:48.761Z", "choices_category": []}}, {"model": "menu.menu", "pk": 79, "fields": {"parent_category": 29, "title": "Blog", "image": "", "slug": "blog", "is_products": false, "is_head": false, "is_new_season": false, "is_published": true, "show_up": false, "created_at": "2020-12-13T19:36:10.068Z", "updated_at": "2020-12-13T19:36:10.068Z", "choices_category": []}}, {"model": "social_django.usersocialauth", "pk": 12, "fields": {"user": ["e.husubayli@gmail.com"], "provider": "facebook", "uid": "10208723746767106", "extra_data": "{\"auth_time\": 1608835170, \"id\": \"10208723746767106\", \"expires\": 5099487, \"granted_scopes\": [\"user_friends\", \"user_link\", \"email\", \"public_profile\"], \"denied_scopes\": null, \"name\": \"Elvin H-lee\", \"email\": \"husubayli@gmail.com\", \"picture\": {\"data\": {\"height\": 200, \"is_silhouette\": false, \"url\": \"https://platform-lookaside.fbsbx.com/platform/profilepic/?asid=10208723746767106&height=200&width=200&ext=1611337825&hash=AeQbOQ8mu0ozlxMpngA\", \"width\": 201}}, \"profile_url\": \"https://www.facebook.com/app_scoped_user_id/YXNpZADpBWEhxV3I5dnpWaUZAIYXpiUGlpWWVULV96S29ZANDBJZAWFGT19paFdOVHBFMEt2Sl9IVmNpV2NYYmhERTdnUVFjaXJ1N3VZAVWROeVEtMHVMYUlFOVZALN0IzU2VxSGE4UkJHXzlxX2R0c2t3/\", \"access_token\": \"EAADIC010ZCMkBABHyj2WWxuK4l0ZA4GSvuzDzmeCsUCZAipiRRukDTeZA6ZAGmDh8wROraIlAFsAEHLRCUpFIRuAyyJeW4wtvAM3byStYsLB4YyvOBaYdn85lruu9kXlinUceLtE6IYnY08huudqiqL0YZBvorEYsZD\", \"token_type\": null}", "created": "2020-12-23T17:49:56.410Z", "modified": "2020-12-24T18:39:30.632Z"}}, {"model": "social_django.usersocialauth", "pk": 13, "fields": {"user": ["husubayli@gmail.com"], "provider": "google-oauth2", "uid": "husubayli@gmail.com", "extra_data": "{\"auth_time\": 1608751694, \"expires\": 3599, \"token_type\": \"Bearer\", \"access_token\": \"ya29.a0AfH6SMALzLAXTY26TvcepdRmlUhpPQTZcxdGbVuoA1CT835YPLDF2X52lNuGLz4KOZYWsQmk1w3NCL9gH3xoFG4Hd73elo6aCfrYRVApqSUJ8wwS9shirWVoE-GmjHusvlLP0mX-CrOLfB-D_vjk29W8R06CWqlWWfK98VyNZRQ\"}", "created": "2020-12-23T18:48:22.992Z", "modified": "2020-12-23T19:28:14.073Z"}}]